Festival Name,Start Date,End Date,2027 Dates (if applicable),Location,Type,Website,Organiser/Contact ,Contact email ,Contact Phone,Email sent?
"Campfire, S'mores & More at Weavers Way farm - Awbury",12/6/2025,,,"6336 Ardleigh St, Philadelphia, PA 19138",community,https://awbury.org/events-calendar/,Weavers Way Co-op,feedback@weaversway.coop,215-843-2350,FALSE
Handmade Holidays at Bartram's Garden ,12/6/2025,,,"5400 Lindbergh Blvd, Philadelphia, PA 19143",market,https://www.instagram.com/p/DRho139jlsL/?igsh=eXJpeWxya3ZkdHRx,Bartram’s Garden,info@bartramsgarden.org,215-729-5281,FALSE
Happy Holidays from Rox,12/6/2025,,,"6116 Ridge Ave, Philadelphia, PA 19128",holiday,,Roxborough Development Corporation,info@roxboroughpa.com,215-508-2358,FALSE
Hometown Holiday Festival ,12/6/2025,,,"24 West Broad Street, Souderton, PA 18964, USA",holiday,https://www.instagram.com/p/DRho139jlsL/?igsh=eXJpeWxya3ZkdHRx,insta handle: @hometownholidayphilly,,,FALSE
Santa Stroll Winter Block Party ,12/6/2025,,,"700 N 2nd St, Philadelphia, PA 19123",Block Parties,https://www.eventbrite.com/e/santa-stroll-winter-block-party-tickets-1976169356743?aff=eivtefrnd&utm_share_source=listing_android&sg=e7f10580d10c3678b5d48dac2aa5830cfa6f1d008c9d00ff5f76ad92351189f1e63221746e1e4bc908ab1ad56fb4bace095e30ed8eebb6f20363d8c7f5191f4ead1db5f74d70dd8d8b7318,,,,FALSE
Wine Wonderland 2025 3rd Annual Winterfest ,12/7/2025,,,"Likely Evansburg Vineyards, 1175 County Line Rd, Collegeville, PA 19426",Food & Drink,https://www.facebook.com/share/15jkKN8PLE/,Evansburg Vineyards,operations@evansburgvineyards.com,(484) 902-8435,FALSE
Three Kings Day Celebration,1/7/2026,,,"141 E. Hunting Park Ave, Philadelphia, PA 19124",Seasonal,https://elconcilio.net/event/three-kings-day/,El Concilio,concilioculturalevents@elconcilio.net,,FALSE
Fancy Brigade Serenade,1/17/2026,,,"1100 S 2nd Street, Philadelphia, PA 19147",Seasonal,https://www.fancybrigadeassociation.com/,Fancy Brigade Association,admin@fancybrigadeassociation.com,(267) 888-7348,FALSE
31st Annual Greater Philadelphia Martin Luther King Jr. Day of Service,1/19/2026,,1/18/2027,Citywide / Temple University’s Pearson/McGonigle Hall,Seasonal,https://mlkdayofservice.org/,Global Citizen 365,support@globalcitizen365.org,215-259-8374,FALSE
Villain Arts Tattoo Festival ,1/23/2026,1/25/2026,1/08/27 - 1/10/27,"Pennsylvania Convention Center, 1101 Arch St, Philadelphia, PA 19107",Multi-Genre,https://villainarts.com/shows/philadelphia-pa/?mc_cid=96d4dbe58e&mc_eid=80d5eb6751,Villian Arts,info@villianarts.com,215-423-4780,FALSE
Philly Chocolate Wine Whiskey Fest,1/24/2026,,1/23/2027,"Greater Philadelphia Expo Center, 100 Station Avenue, Oaks, PA 19456",Food & Drink,https://chocolatewinewhiskey.com/city-events/philly-chocolate-wine-whiskey-festival/ ,Charlie Adler,info@tasteusafestivals.com / taste@tasteusa.com,202-870-1163,FALSE
CultureFest! Lunar New Year,1/31/2026,,,"3260 South Street Philadelphia, PA 19104",Cultural Heritage,https://almanac.upenn.edu/articles/penn-museum-hosts-45th-annual-culturefest-lunar-new-year,Penn Museum,events@pennmuseum.org,215-898-2680,FALSE
Founders Philly Freeze Out,1/31/2026,,,"106 Grape Street, Philadelphia, PA 19127",Street Fairs,https://manayunk.com/mnyk-events/founders-philly-freeze-out/?fbclid=IwdGRzaAPrH2ljbGNrA-sfKmV4dG4DYWVtAjExAHNydGMGYXBwX2lkDDM1MDY4NTUzMTcyOAABHqHIuqY-2Ma0P9XRwlGx1-THVWtBdBmjXUb8MNbGuceW9CAERz0ukIezH-Ue_aem_c1Mi-KscZ1IGjUfOM1mIIg&sfnsn=mo,Founders Brewing Company & Manayunk Development Corporation (MDC),cmarsilii@manayunk.org,(267) 270-3075,FALSE
4th Annual La Tamalada Fest,2/1/2026,,,"101 E Erie Ave, Philadelphia, PA 19134",Food & Drink,https://www.instagram.com/p/DTxu1EGEfBA/?igsh=MXJ1Z3pka3U2eng2cA%3D%3D,Cantina La Martina,cantina@cantinalamartinaphilly.com,,FALSE
The Tasties - Philadelphia Big Night in Food,2/1/2026,,,"LIVE casino, 900 Packer Ave, Philadelphia, PA 19148",Food & Drink,https://www.deliciouscitypodcast.com/the-tasties,Delicious City Philly Podcast ,thetastiesphilly@gmail.com,1-833-472-5483,FALSE
The African American Children's Book Fair,2/7/2026,,2/6/2027,"Pennsylvania Convention Center, 1101 Arch St, Philadelphia, PA 19107",Literary,https://theafricanamericanchildrensbookproject.org/,The African American Children’s Book Project,read@theafricanamericanchildrensbookproject.org,(215) 878-2665,FALSE
Chinatown Lunar New Year Festival,2/16/2026,3/7/2026,,"Various venues — central events near Philadelphia Chinatown Friendship Gate and community venues (Penn Museum, Franklin Square, etc.)",Cultural Heritage,https://chinatown-pcdc.org/news-and-events/events/2026-chinese-new-year-events/,Philadelphia Chinatown Development Corporation,info@chinatown-pcdc.org / hshang@chinatown-pcdc.org,215-922-6156,FALSE
Skippack Village Fire and Ice Festival,2/20/2026,2/21/2026,,"Skippack Pike & Village, Skippack, PA 19474",Street Fairs,https://skippackvillage.com/event/fire-and-ice-festival/,Skippack Business Owners Association,SkippackSBOA@gmail.com,,FALSE
Party for the Market,2/21/2026,,,"Reading Terminal Market, 1136 Arch Street, Philadelphia, PA 19107",Food & Drink,https://readingterminalmarket.org/event/party-for-the-market-2026/,CEO / General Manager: Annie Allman,info@readingterminalmarket.org / m-mooney@readingterminalmarket.org / m-deluca@readingterminalmarket.org / b-belo@readingterminalmarket.org,215-922-2317,FALSE
Philly Beer Fest: Winter,2/28/2026,,2/20/2027,"22 South 23rd Street, Philadelphia, PA 19103",Food & Drink,https://www.phillybeerfest.com/,"Philly Beer Fest, Inc.",tickets@crafthospitality.com,,FALSE
Liberty Flea at Cherry Street Pier,3/14/2026,3/15/2026,,"BOK, 1901 S 9th St, Philadelphia, PA 19148",Street Fairs,https://www.cherrystreetpier.com/event/2026/05/liberty-flea-market-2026/,Cherry Street Pier / DRWC,cherrystreetpier@drwc.org,215-923-0818,FALSE
Pie Picnic,3/14/2026,,3/14/2027,"Boathouse at FDR Park, 1500 Pattison Ave campus, Philadelphia, PA 19145",Food & Drink,https://www.instagram.com/piepicnic/,Philadelphia Pie Picnic,contact form on eventbrite or instagram DM,,FALSE
CultureFest! Holi,3/21/2026,,,"3260 South Street Philadelphia, PA 19104",Cultural Heritage,https://www.penn.museum/about/press-room/press-releases/penn-museum-celebrates-springs-arrival-with-culturefest-holi-the-festival-of-colors-march-21st,Penn Museum,events@pennmuseum.org,215-898-2680,FALSE
Glenside St. Patrick's Day Parade and Festival,3/21/2026,,,"Keswick Village, Glenside PA, 19038",Cultural Heritage,https://spd19038.com/2026-parade-1,Glenside St. Patrick's Day Parade Association,spd19038@gmail.com,,FALSE
The Chef Assembly,3/22/2026,3/23/2026,,"The Study at University City, 20 S 33rd St, Philadelphia, PA 19104",Food & Drink,https://thechefassembly.com/philly2026-agenda,Founder - Mike Traud,mike@thechefassembly.com,,FALSE
Philadelphia World Oddities Expo,3/28/2026,3/29/2026,4/3/2027 - 4/4/2027,"78 N 12th St , Philadelphia, PA 19107",Multi-Genre,https://worldodditiesexpo.com/philadelphia-pa/,World Oddities Expo,support@worldodditiesexpo.com ,,FALSE
Shofuso Cherry Blossom Fest,3/28/2026,3/29/2026,4/3/2027 - 4/4/2027,"Fairmount Park Horticulture Center, 100 N Horticultural Dr, Philadelphia, PA 19131",Cultural Heritage,https://japanphilly.org/programs/festivals/cbf-2026/,Japan America Society of Greater Philadelphia,info@japanphilly.org,(267) 237-3550,FALSE
Dine Latino Restaurant Week,4/5/2026,4/11/2026,,"Citywide at participating restaurants (e.g., Arepa Grub Spot, 1112 S 9th St, Philadelphia, PA 19147).",Food & Drink,https://www.visitphilly.com/things-to-do/events/dine-latino-restaurant-week/,Greater Philadelphia Hispanic Chamber of Commerce,bcisneros@philahispanicchamber.org / sponsorships@philahispanicchamber.org,(215) 845-5456,FALSE
South Street Easter Promenade,4/5/2026,,3/28/2027,"Procession starts at 5th & South St, ends Headhouse Plaza (2nd & Lombard St)",Seasonal,https://southstreet.com/events/93rd-annual-easter-promenade/,South Street Headhouse District (SSHD),info@southstreet.com,215-413-3713,FALSE
Temple Made Fest,4/5/2026,,,"Temple University 13th Street + Polett Walk, 1900 N. 13th St., Philadelphia, PA 19122",Street Fairs,https://alumni.temple.edu/s/705/bp24/interior.aspx?sid=705&gid=1&pgid=16587&cid=34179&ecid=34179&crid=0&calpgid=3955&calcid=14271&authkey=%5bAUTH_KEY_HERE_34180%5d,Temple University Alumni Association,alumni@temple.edu,,FALSE
Made in Philadelphia Spring Market,4/10/2026,4/12/2026,,"Dilworth Park, 1 S 15th St, Philadelphia, PA 19102",Street Fairs,https://www.madeinphila.com/,Made in Philadelphia,info@madeinphila.com,,FALSE
Philly Otaku Fest,4/10/2026,4/12/2026,,"Cherry Street Pier, 121 N Columbus Blvd, Philadelphia, PA 19106",Multi-Genre,https://www.cherrystreetpier.com/event/2026/03/philly-otaku-fest-4-0-at-cherry-street-pier/,Philly Otaku,DM on instagram,,FALSE
5th Annual PowWow of Arts and Culture,4/11/2026,,,"Delaware Art Museum, 2301 Kentmere Parkway
Wilmington, DE 19806",Street Fairs,https://delart.org/event/5th-annual-powwow-of-arts-and-culture/,Delaware Art Museum,info@delart.org,302-571-9590,FALSE
Elkins Park Spring Festival,4/11/2026,,,"7903 High School Rd, Elkins Park PA 19027",Street Fairs,https://www.facebook.com/events/7903-high-school-rd-elkins-park-pa-19027-2623-united-states-cheltenham-pa/elkins-park-spring-festival/25769455706013483/,Elkins Nutrition,elkinsnutrition@gmail.com,(267) 357-5224,FALSE
KPop Flea Market,4/11/2026,,,"401 Lombard Street, Philadelphia, PA 19147",Street Fairs,https://www.instagram.com/p/DU3_5RzEgpu/,Philly Pri,DM on instagram,,FALSE
Philly Cocktail Fest,4/11/2026,,4/10/2027,"23rd Street Armory, 22 S 23rd St, Philadelphia, PA 19103",Food & Drink,https://www.phillycocktailfest.com/,Philly Cocktail Fest,tickets@crafthospitality.com,,FALSE
Rex Manning Day Block Party,4/11/2026,,,"South Street Art Mart, 540 South 4th Street, Philadelphia, PA",Block Parties,https://southstreet.com/events/rex-manning-day/,South Street Art Mart,SouthStreetArtMart@gmail.com ,,FALSE
Point Breeze Market Festival,4/16/2026,,,"1300 Block of Point Breeze Ave, Philadelphia, PA 19145",Street Fairs,https://www.instagram.com/p/DWy4LnBDijS/,Philadelphia250 (Philadelphia Visitor Center Corporation),questions@phlvisitorcenter.com,(800) 537-7676,FALSE
Philadelphia Film Society Spring Fest,4/17/2026,4/23/2026,,"Film Society East, 125 S 2nd St, Philadelphia, PA 19106",Film ,https://filmadelphia.org/springfest/,Philadelphia Film Society (PFS),customerservice@filmadelphia.org,267-239-2941,FALSE
Punk Rock Flea Market,4/17/2026,4/19/2026,,"23rd St Armory, 22 S 23rd St, Philadelphia, PA 19103",Street Fairs,https://www.phillyprfm.com/#home-section,The Captain's Vintage (https://thecaptainsvintage.com/),DM on instagram,,FALSE
Bartram's Garden Spring Fest,4/18/2026,,,"5400 Lindbergh Blvd, Philadelphia, PA, 19143",Seasonal,https://www.bartramsgarden.org/event/spring-fest26/,Bartram’s Garden,info@bartramsgarden.org,(215) 729-5281,FALSE
Elfreth's Alley Spring Makers' Market,4/18/2026,,,"Elfreth's Alley, Philadelphia, PA 19106",Street Fairs,https://www.elfrethsalley.org/,Elfreth’s Alley Museum,contact form,(267) 457-4159,FALSE
Franklin Square 20th Anniversary Festival,4/18/2026,,,"Franklin Square, 200 N 6th St, Philadelphia, PA 19106",Street Fairs,https://historicphiladelphia.org/events/franklin-square-20th-birthday-celebration/?fbclid=IwY2xjawTQl7pwZG9mAWV4dG4DYWVtAjEwAHNydGMGYXBwX2lkEDIyMjAzOTE3ODgyMDA4OTIAAR7WzKeyWGU7s4fTl11GPS0IYHf4AC95vpuhEOsC0j71Dp-jtruPVu5cdRn3Ug_aem_dzwCHMvn9M7AOp_ONpO4BA,Historic Philadelphia,info@historicphiladelphia.org,(215) 629-4026,FALSE
Khmer New Year Celebration,4/18/2026,4/19/2026,,"Wat Khmer Pelai, 2701 S 58th St, Philadelphia, PA 19143 and Preah Buddha Ramsey Temple, 1234 Haddonfield-Berlin Rd, Voorhees Township, NJ 08043",Cultural Heritage,https://www.instagram.com/p/DWjUSolkeag/,Cambodian Association of Greater Philadelphia,cagp@cagp.org,(215) 324-4070,FALSE
Panda Fest (Dilworth Park),4/18/2026,,,"1 S 15th St, Philadelphia, PA 19102",Food & Drink,https://www.pandafests.com/events-1/project-one-ephnc-fphyr-ark8l-wfdxg-g558l-tjkap-ap5a4-y5jrj-666na,Panda Fest,Customer@pandafests.com,,FALSE
R&B And Chill Spring Festival,4/18/2026,,,"Burlington County Fairgrounds, 1794 Jacksonville-Jobstown Rd, Columbus, NJ 08022",Music,https://www.facebook.com/rnbnchill,R&B and Chill,rnbandchillbusiness@gmail.com,,FALSE
Earth Day is Goat Day,4/19/2026,,,"Awbury Arboretum, 6336 Ardleigh St., Phialdelphia, PA, 19138",Seasonal,https://www.phillygoatproject.org/?utm_source=ig&utm_medium=social&utm_content=link_in_bio&fbclid=PAcGRvZgJleHRuA2FlbQIxMQBzcnRjBmFwcF9pZA85MzY2MTk3NDMzOTI0NTkAAacYdv8I-xHdig9-wt8P0nTrCQU5fs5r0mxBKdnfec2PkJ3jaO4FZh6SBkl-sg_aem_CPFtsYurhkmWIpo6SEVx2g,Philly Goat Project,info@phillygoatproject.org,,FALSE
Manayunk StrEAT Food Festival,4/19/2026,,,"Main Street, Manayunk, Philadelphia, PA 19127",Food & Drink,https://manayunk.com/mnyk-events/manayunk-streat-food-festival/,Manayunk Development Corporation,info@manayunk.org,215-482-9565,FALSE
Not a Bad Life DIY Tote Therapy,4/19/2026,,,"Plant and People, 3952 Lancaster Ave, Philadelphia, PA, 19104",Arts & Crafts,https://www.instagram.com/p/DW4B4vYDj_s/?img_index=3,Not a Bad Life,notabadlifee@gmail.com,,FALSE
Philly Maker Faire,4/19/2026,,,"Cherry Street Pier, 121 N. Columbus Blvd, Philadelphia, PA 19106",Arts & Crafts,https://philly.makerfaire.com/,Philadelphia Maker Faire,info@phillymakerfaire.com,,FALSE
One Art Annual 420,4/20/2026,,,"1431-39 N 52nd St Philadelphia, PA 19131",Multi-Genre,https://www.oneart.love/event-details/one-arts-annual-420,One Art Community Center,info@oneartcommunitycenter.com,,FALSE
Earth Day at Container Village,4/22/2026,,,"4682 Parkside Ave, Philadelphia, PA 19104",Seasonal,https://www.instagram.com/reels/DWuXj8XCj-A/,4th Distrct Container Village,,215-883-0109,FALSE
West Philly Earth Walk,4/22/2026,,,Various spots across West Philadelphia,Multi-Genre,https://www.instagram.com/p/DXUhqdrkeas/,Poetry 215 and James Marshall Kavanaugh (dreampoetforhire),Use contact form at https://poetry215.com/ ,,FALSE
Dining Out for Life Philadelphia,4/23/2026,,,Various (Fundraiser),Food & Drink,https://www.diningoutforlife.com/city/philadelphia-delaware-valley/,Action Wellness,kveurnick@actionwellness.org,215-981-3352,FALSE
Penn Relays,4/23/2026,4/25/2026,4/22/2027 - 2/24/2027,"Franklin Field, 235 S 33rd St, Philadelphia, PA 19104",Seasonal,https://pennrelays.com/,Penn Relays / UPenn Athletics,pennrelays@upenn.edu,215-898-6145,FALSE
Philadelphia Black Pride Parade,4/23/2026,4/26/2026,,"Various, mostly on Broad St.",Multi-Genre,https://www.phillyblackpride.org/,Philadelphia Black Pride Organization,info@phillyblackpride.org,215-764-7630,FALSE
Philly Theatre Week,4/23/2026,5/3/2026,,Various locations,Dance & Theater,https://theatrephiladelphia.org/whats-on-stage/2026-philly-theatre-week,Theatre Philadelphia,info@theatrephiladelphia.org,267-761-9950,FALSE
Germantown Jazz Festival,4/24/2026,4/26/2026,,"Multiple Germantown sites (e.g., Germantown Settlement Music School, Attic Brewery and First United Methodist Church, Nile Cafe.)",Music,https://germantownjazzfestival.com/,"THE COMMUNITY EDUCATION AND ACTION PROJECT, INC. (C.E.A.P., INC.)",support@germantownjazzfestival.com,267-607-4498,FALSE
Merchants of Swarthmore Night Market,4/24/2026,,,"Park Avenue, Swarthmore, PA 19081",Street Fairs,https://swarthmoretowncenter.com/calendar-of-events/jhtrrly5ctpxzzsr79dcw2a9awjdmk,Merchants of Swarthmore and Swarthmore Town Center,info@swarthmoretowncenter.com,,FALSE
Downtown Glenside Arts Festival,4/25/2026,,,"Easton Rd, Glenside, PA 19038",Arts & Crafts,https://downtownglenside.com/events,Downton Glenside Foundation,dgcp19038@gmail.com,,FALSE
Drexel University Vintage and Antique Flea Market,4/25/2026,,,"3400 Lancaster Ave, Philadelphia, PA, 19104",Street Fairs,https://philafleamarkets.org/calendar/,Philadelphia Flea Markets,PhilaFleaMarkets@aol.com,215-625-3532,FALSE
Linvilla Orchards Spring Foodtruck Frenzy,4/25/2026,4/26/2026,,"137 W Knowlton Rd, Media, PA 19063",Seasonal,https://www.linvilla.com/family-fun/food-truck-frenzy,Linvilla Orchards,info@linvilla.com,610-876-7116,FALSE
Philadelphia Zoo Festival of Colors (Holi),4/25/2026,,,"Philadelphia Zoo, 3400 W Girard Ave, Philadelphia, PA 19104",Cultural Heritage,https://www.philadelphiazoo.org/events/festival-of-colors/,Philadelphia Zoo,guestrelations@phillyzoo.org,(215) 243-1100,FALSE
PopUpPlay Lantern Parade,4/25/2026,,,"Cherry Street Pier, 121 N Columbus Blvd, Philadelphia, PA 19106",Family & Kids,https://www.cherrystreetpier.com/event/2026/03/popupplay-lantern-festival-at-cherry-street-pier/,PopUpPlay,info@popupplay.net,,FALSE
Reading is Freedom Festival,4/25/2026,,,"Historic Fair Hill, 2309 Germantown Avenue, Philadelphia, PA 19133",Family & Kids,https://historicfairhill.com/events/,Historic Fair Hill,info@historicfairhill.com,215-844-1683,FALSE
Spring Garden Festival,4/25/2026,,,"3509 Spring Garden St., Philadelphia, PA, 19104",Seasonal,https://www.instagram.com/p/DXR2oKekiKF/,Drexel University Dornsife Center,DM on instagram,,FALSE
Springfest Block Party,4/25/2026,,,"Lost Time Brewing Company 2145 N Front Street, Philadelphia, PA 19122",Block Parties,https://www.instagram.com/p/DXNZi87j8gW/,Lost Time Brewing Company,info@losttimebrewco.com,,FALSE
West Craft Fest (The Woodlands),4/25/2026,,,"Woodlands, 4000 Woodland Ave, Philadelphia, PA 19104",Arts & Crafts,https://www.woodlandsphila.org/events-calendar/2026/west-craft-fest,West Craft Fest / VIX Emporium,info@woodlandsphila.org,215) 386-2181,FALSE
Clover Market Philadelphia,4/26/2026,,,"Along W. Highland Ave & the 25 W Highland Ave lot (Turquoise Lot), Philadelphia, PA 19118",Street Fairs,https://theclovermarket.com/,Clover Market (Founder: Janet Gardner Long),helloclovermarket@gmail.com,610-308-5249,FALSE
Fairmount Arts Crawl,4/26/2026,,,"Centered at 23rd & Fairmount Ave with activities along Fairmount Ave; flagship site 2333 Fairmount Ave, Philadelphia, PA 19130",Arts & Crafts,https://www.parktobroad.org/artscrawl,Patrick Sherlock,mail@parktobroad.org,215-232-4766,FALSE
Flavors on the Avenue East Passyunk,4/26/2026,,,"Dickinson St; EPABID HQ 1904 E Passyunk Ave, Philadelphia, PA 19147",Food & Drink,https://www.visiteastpassyunk.com/,East Passyunk Business Improvement District,kscopephilly@gmail.com,215 336-1455,FALSE
Heartful Craft Day,4/26/2026,,,"Elixr Coffee, 315 N 12th Street, Philadelphia, PA 19107",Arts & Crafts,https://www.eventbrite.com/e/heartful-craft-day-philadelphia-0426-tickets-1986488893756?aff=oddtdtcreator&utm_source=ig&utm_medium=social&utm_content=link_in_bio,@nabithoughts ,DM on instagram,,FALSE
Scouting for Stars (KOP Mall),4/26/2026,,,"160 N Gulph Rd, King of Prussia, PA 19406",Multi-Genre,https://scoutingforstarsatthemall.splashthat.com/,Scouting For Stars / KOP Mall,,(610) 265-5794,FALSE
Princeton Near Eastern Studies Festival,4/30/2026,,,"Frist Campus Center, Frist Ln, Princeton, NJ 08544",Cultural Heritage,https://www.instagram.com/p/DWRhYgmjkXA/,Princeton Near Eastern Studies Department and Al-Bustan Seeds of Culture,info@albustanseeds.org / nes@princeton.edu,267-809-3668 (Al-Bustan),FALSE
Cinema in the Cemetery,5/1/2026,,,"Laurel Hill Cemetery, 3822 Ridge Avenue, Philadelphia, PA",Film,https://laurelhillphl.com/events/annual-events/cinema/,Friends of Laurel Hill,info@laurelhillphl.com / programs@laurelhillphl.com,,FALSE
Eraserhood Fest,5/1/2026,,,"Eraserhood and Callowhill Neighborhood, Philadelphia, PA, 19123 / The Rail Park 1300 Noble Street, 1150 Callowhill St, Philadelphia, PA 19123",Block Parties,https://eraserhoodfest.org,Various (see website),info@eraserhoodfest.org,,FALSE
Hand Circus Scrap Night,5/1/2026,,,"Thunderbird Hall, 2856 Frankford Avenue, Philadelphia, PA, 19134",Multi-Genre,https://www.facebook.com/people/2nd-Hand-Circus/61575146702443/,2nd Hand Circus,DM on facebook,,FALSE
PCDC Chinatown 60th Anniversary Celebration,5/1/2026,,,"102 North 10th St, Phialdelphia, PA 19107",Cultural Heritage,https://chinatown-pcdc.org/60th-anniversary-celebration/,Philadelphia Chinatown Development Corporation (PCDC),info@chinatown-pcdc.org,215-922-6156,FALSE
Sing Us Home Festival,5/1/2026,5/3/2026,,"Venice Island Performing Arts & Recreation Center grounds, 7 Lock St, Philadelphia, PA 19127",Music,https://singushomefestival.com,Rising Sun Presents,info@risingsunpresents.com / hausehq@gmail.com,,FALSE
Borski Bash,5/2/2026,,,"3150 Orthodox St., Philadelphia, PA, 19137",Block Parties,https://www.eventbrite.com/e/borski-bash-welcome-back-to-the-park-tickets-1983041899704?aff=oddtdtcreator,State Street Events,Melissa@StateStreetEvents.org,267-694-6301,FALSE
Broad Street Health Run and Wellness Expo,5/2/2026,,,"Pennsylvania Convention Center, Hall F, 1101 Arch St, Philadelphia, PA 19107",Multi-Genre,https://www.broadstreetrun.com/health-and-wellness-expo/,Broad St Run,expodirector@broadstreetrun.com / info@broadstreetrun.com,,FALSE
Eastern State Penitentiary Flea Market,5/2/2026,,,"2201 Fairmount Ave, Philadelphia, PA 19130, United States",Street Fairs,https://www.facebook.com/events/2201-fairmount-ave-philadelphia-pa-19130-united-states/eastern-state-penitentiary-fairmount-vintage-antique-flea-market-on-sat-5226/2061119897789048/,Phila Flea Markets,philafleamarkets@aol.com,(215) 625-3532,FALSE
Fishtown Music & Arts Festival,5/2/2026,,,"Christ Church Burial Ground, 340 N 5th St, Philadelphia, PA 19106",Music,https://www.facebook.com/fishtownmusicarts/,Fishtown Music and Arts,fishtownmusicandarts@gmail.com,,FALSE
Maifest at Brauhaus Schmitz,5/2/2026,,,"Brauhaus Schmitz, 718 South St, Philadelphia, PA 19147",Cultural Heritage,https://brauhausschmitz.com/events/,Brauhaus Schmitz,brauhausschmitz@gmail.com,267-909-8814,FALSE
Peddler's Village Strawberry Festival,5/2/2026,5/3/2026,,"Peddler’s Village, 100 Peddlers Village (Routes 202 & 263), Lahaska, PA 18931",Seasonal,https://peddlersvillage.com/event/strawberry-festival-2,Peddlers Village,festivals@peddlersvillage.com / info@peddlersvillage.com,215-794-4000,FALSE
Philadelphia VinylCon,5/2/2026,5/3/2026,,"23rd St Armory, 22 S 23rd St, Philadelphia, PA 19103",Music,https://www.thevinylcon.com/,VinylCon,info@thevinylcon.com,,FALSE
Queen and Rook Renn Faire,5/2/2026,,,"Queen and Rook Game Cafe, 123 South St, Philadelphia, PA 19147",Multi-Genre,https://www.queenandrookcafe.com/events/,Queen and Rook Game Cafe,info@queenandrookcafe.com,,FALSE
Rittenhouse Row Spring Festival,5/2/2026,,,"Rittenhouse Square and Rittenhouse Row, 1800 Walnut St, Philadelphia, PA 19103",Street Fairs,https://www.rittenhouserow.org/events-1,"Corie Moskow, Executive Director, Rittenhouse Row",coriemoskow@glosspr.com,215.518.5526,FALSE
Sayre Health Center 20th Anniversary Community Fair,5/2/2026,,,"227 S 59th St, Philadelphia, PA, 19139",Street Fairs,https://www.instagram.com/p/DXR9cCImtRv/,Sayre Health Center,,(215) 474-4444 ,FALSE
South Street Springfest,5/2/2026,,,100-700 Block of South Street + South Street & East Passyunk Avenue + Headhouse Plaza,Street Fairs,https://southstreet.com/events/south-street-spring-fest-2026/,South Street Headhouse District,info@southstreet.com,(215) 413-3713,FALSE
Spring on King Jazz Fest,5/2/2026,,,"King St. and Burke Park, Malvern, PA",Music,https://www.malvernbusiness.com/springonking,Malvern Business & Professional Association,mbpacontact@gmail.com,,FALSE
Wild Horizon Circus & Play Festival,5/2/2026,5/3/2026,,"Cherry Street Pier, 121 N. Columbus Blvd, Philadelphia, PA 19106",Dance & Theater,https://www.instagram.com/p/DW1mAx5ADtm/,Almanac Projects and Delaware River Waterfront Corporation,admin@thealmanac.us,,FALSE
Broad Street Run,5/3/2026,,,Start: Broad St & Somerville Ave (Central High School field). Finish: Navy Yard,Seasonal,https://www.broadstreetrun.com,Broad St Run,info@broadstreetrun.com,,FALSE
Chestnut Hill Home and Garden Festival,5/3/2026,,,"Germantown Ave from Rex Ave to Willow Grove Ave, Philadelphia, PA 19118",Street Fairs,https://chestnuthillpa.com/home-garden-festival/,Chestnut Hill Business District / Chestnut Hill,koneill@chestnuthillpa.com,215-247-6696,FALSE
From Our Hands Food Festival,5/3/2026,,,"Fleisher Art Memorial, 719 Catherine Street, Philadelphia, PA, 19147",Cultural Heritage,https://www.instagram.com/p/DW6tBQBjrXP/,Asian Food Collective and Roots2Table Philadelphia,fromourhandsfest@gmail.com,,FALSE
Mirrorball Marketplace,5/3/2026,,,"Franky Bradley's, 1320 Chancellor St, Philadelphia, PA 19107",Street Fairs,https://ma.to/event/the-mirrorball-market-03-may-2026,Franky Bradley's,contact@frankybradleys.com,215-735-0735,FALSE
Philadelphia Children's Festival,5/3/2026,5/5/2026,,"Penn Live Arts (Annenberg Center), 3680 Walnut St, Philadelphia, PA 19104",Family & Kids,https://pennlivearts.org/events/childfest.php?utm,Penn Live Arts (Annenberg Center),feedback@pennartslive.org,215-898-3900,FALSE
South Street Live,5/3/2026,,,"South Street Headhouse :407 South St, Philadelphia, PA 19147",Street Fairs,https://southstreet.com/events/south-street-live,South Street Headhouse District,info@southstreet.com,(215) 413-3713,FALSE
Cinco de Mayo Block Party,5/4/2026,,,"2013 Chestnut St / Ranstead St, Philadelphia, PA 19103",Block Parties,https://www.instagram.com/p/C6JxXQ5L21A/?hl=en,South Street Headhouse District,info@southstreet.com,,FALSE
Philly Tech Week,5/4/2026,5/8/2026,,"Citywide. Anchor events include Technical.ly Developers Conference at Comcast Technology Center, 1800 Arch St, Philadelphia, PA 19103; PTW Tech Walk on Arch St, 19102.",Multi-Genre,https://phillytechweek.com,Philly Tech Week,Phillytechweek@1phl.org,,FALSE
Mt. Airy Day,5/6/2026,,,"6400 Block of Germantown Avenue, Philadelphia, PA",Street Fairs,https://www.mtairyday.org/,Mt Airy CDC,mtairday@gmail.com,,FALSE
South Street Record Riot,5/6/2026,,,"Repo Records, 506 South St, Philadelphia, PA, 19147",Music,https://www.reporecords.com/upcoming-events,Repo Records,repo@reporecords.com, 215-627-3775,FALSE
Made @ Bok Night Market,5/8/2026,,,"BOK, 1901 S 9th St, Philadelphia, PA 19148",Arts & Crafts,https://www.buildingbok.com/,BOK,hello@buildingbok.com,,FALSE
93.3 WMMR MMRBQ 2026,5/9/2026,,,"1 Harbour Blvd, Camden, NJ 08103",Music,https://wmmr.com/mmrbq/,WMMR Radio,publicaffairs@wmmr.com / Chuck@wmmr.com,610-667-8500,FALSE
Book Faire at Please Touch Museum,5/9/2026,,,"Please Touch Museum, 4231 Avenue of the Republic, Philadelphia, PA 19131",Family & Kids,https://www.pleasetouchmuseum.org/bookfaire/,Please Touch Museum ,info@pleasetouchmuseum.org,215-581-3181,FALSE
Booze Fest at LG Masters,5/9/2026,,,"Libertee Grounds, 1600 W Girard Ave, Suite C5, Philadelphia, PA 19130",Food & Drink,https://bucketlisters.com/experience/booze-fest-at-lg-masters-tournament?utm_source=ig&utm_medium=social&utm_content=link_in_bio&fbclid=PAZXh0bgNhZW0CMTEAc3J0YwZhcHBfaWQMMjU2MjgxMDQwNTU4AAGn-j_MqV_Hd7r3-g3zHG9EustbzxSSxeBSxyTnz9VYsuXYwq0nOcZzz8gIFzc_aem_t8fyh3Uh1ha9FF8PRLEAaQ,Libertee Grounds,info@liberteegrounds.com,267-324-3487,FALSE
Fiberpalooza,5/9/2026,,,"Philadelphia Guild of Hand Weavers, 3705 Main St, Philadelphia, PA 19127",Arts & Crafts,https://pghw.org/event/fiberpalooza-2026/,Philadelphia Guild of Handweavers,fiberpalooza@pghw.org,,FALSE
Fishtown Fair,5/9/2026,,,"Various Locations Near Girard Avenue and Frankford Avenue Intersection, Philadelphia, PA",Street Fairs,https://www.nowandthenmarketplace.com/,Now and Then Marketplace,stephirwin@grombacher.com,(717) 669-5277,FALSE
Happy 30th Birthday GayBINGO! & Back to School Drive,5/9/2026,,,"1216 Arch St., Floor 6, Philadelphia, PA, 19107",Multi-Genre,https://www.actionwellness.org/join-us/special-events/gaybingo/,Action Wellness,Use contact box,215-981-0088,FALSE
Jinxed Spring Fling,5/9/2026,,,"Jinxed Fishtown, 1331 Frankford Ave, Philadelphia, PA 19125",Arts & Crafts,https://goodthingsphl.com/thing/jinxed-spring-market,Hannah Beier,hannah@hannahbeier.com,,FALSE
Nanny Goat Fest,5/9/2026,,,"American Street from Master to Oxford, Philadelphia, PA",Street Fairs,https://nannygoatfest.com/,Nanny Goat Fest,nannygoatfest@gmail.com,,FALSE
New Hope Pride Fest,5/9/2026,5/17/2026,,"Various around New Hope, PA",Multi-Genre,https://www.newhopecelebrates.com/pridefest/,New Hope Celebrates,info@newhopecelebrates.com / pridefair@newhopecelebrates.com,,FALSE
Northern Liberties Spring Fest,5/9/2026,,,"3rd St., Between Brown and Wildey Streets, Philadelphia, PA 19123",Street Fairs,https://www.explorenorthernliberties.org/springfest/,Northern Liberties Business Improvement District,info@explorenorthernliberties.org,484.604.0572,FALSE
Open Streets Lancaster,5/9/2026,,,"525 Fairview Avenue, Lancaster, PA 17603",Family & Kids,https://lancasterrec.org/openstreets/,Lancaster Recreation Commission,LMateyak@LancasterRec.org / CHaer@LancasterRec.org / SShambaugh@LancasterRec.org / MSchroeder@LancasterRec.org,717-392-2115,FALSE
Rose Day Yacht Party,5/9/2026,,,"101 S Christopher Columbus Blvd, Philadelphia, PA 19106, USA (Sails on Delaware River)",Food & Drink,https://www.instagram.com/p/DXeURRHRtXU/,Kabila Events,kabilaevents@gmail.com,,FALSE
Spring Art Star Craft Bazaar,5/9/2026,5/10/2026,,"Cherry Street Pier, 121 N Christopher Columbus Blvd, Philadelphia, PA 19106",Arts & Crafts,https://www.artstarcraftbazaar.com/about-spring-art-star-craft-bazaar/?utm,Art Star Craft Bazaar,info@artstarphilly.com,484-479-4626,FALSE
Hunting Park Tree Tenders Relaunch Party,5/13/2026,,,"4621 N 5th Street Philadelphia, PA",Seasonal,https://www.instagram.com/p/DXo-z6IFFhR/,Esperanza Housing & Economic Development / Morgan Doyle,mdoyle@esperanza.us,267-710-5265,FALSE
Jazz Town 2026,5/14/2026,5/17/2026,,"1336 Spring Garden St, Philadelphia, PA 19123",Music,https://www.jazzattackswings.com/jazztown?ut,Philadelphia Jazz & Swing Dance Association,kate@jazzattackswings.com / adrienne@jazzattackswings.com,,FALSE
Overbrook Night Market,5/14/2026,,,"Intersection of 63rd St and Lancaster Avenue, Philadelphia, PA",Street Fairs,https://www.theoverbrooknightmarket.com/,The Overbrook Night Market,theoverbrooknightmarket@gmail.com,(215) 473-9007,FALSE
St. Demetrios Greek Food and Wine Festival,5/14/2026,5/17/2026,,"Saint Demetrios Greek Orthodox Church, 229 Powell Lane, Upper Darby PA 19082",Cultural Heritage,https://www.udgreekfest.com/,Saint Demetrios Greek Orthodox Church,festival@saintdemetrios.org,(610) 352-7212,FALSE
Consent Fest,5/16/2026,,,"Clark Park, 4300–4398 Baltimore Ave, Philadelphia, PA 19104",Street Fairs,https://yourempoweredsexuality.org,"Your Empowered Sexuality, Inc.",contact@yestoconsent.org,,FALSE
Fairhill Activators Community Kickoff Day,5/16/2026,,,"412 W Huntingdon St, Philadelphia, PA 19133",Multi-Genre,https://www.instagram.com/p/DYSPAnLA6fK/?igsh=MWQ4YTNrYm51YmJsbw%3D%3D&fbclid=IwY2xjawTXPQ1wZG9mAWV4dG4DYWVtAjEwAHNydGMGYXBwX2lkEDIyMjAzOTE3ODgyMDA4OTIAAR5L565Eq6cgDyGD6sObDYy55SVdB1CJQKmolg8Gw5ZGZJ0IiUqFWzqoNI-g9g_aem_nhzF5X7QoQITkVfusVQupA,Fairhill Activators,friendsoffairhill@gmail.com,,FALSE
Girard Avenue Street Festival,5/16/2026,,,"W Girard Ave between College Ave & 29th St, Philadelphia, PA 19130",Street Fairs,https://www.parktobroad.org/girard?utm,Park to Broad,mail@parktobroad.org,,FALSE
New Hope Pride Parade,5/16/2026,,,"Lambertville, NJ into New Hope, PA",Street Fairs,https://www.newhopecelebrates.com/pridefest/pride-parade/,New Hope Celebrates,parade@newhopecelebrates.com,,FALSE
Philly Wine Fest,5/16/2026,,,"Philadelphia Zoo (Impala Lawn), 3400 W Girard Ave, Philadelphia, PA 19104",Food & Drink,https://www.phillywinefest.com/?utm,"Craft Hospitality, LLC",Use contact box,,FALSE
reFlea Vendor Market,5/16/2026,,,"Old Pine Community Center, 401 Lombard St, Philadelphia, PA 19147",Street Fairs,https://www.eventbrite.com/e/reflea-vendor-market-spring-26-tickets-1984978220291?aff=erelexpmlt,The Resource Exchange,info@theresourceexchange.org,,FALSE
South 9th Street Italian Market Festival,5/16/2026,5/17/2026,,"S 9th St from Fitzwater St to Wharton St, Philadelphia, PA 19147",Street Fairs,https://italianmarketphilly.org/italian-market-festival/?utm,The South 9th Street Italian Market,griffie@italianmarketfestival.com,(215) 278-2903,FALSE
Summer at Courtyard,5/16/2026,,,"300 Block of Catharine St, Philadelphia, PA 19147",Block Parties,https://www.instagram.com/p/DW41lkzmsNp/,Queen Village Neighbors Association,info@qvna.org,,FALSE
The Ave Flea Market and A Taste of Philly Food Truck Fest,5/16/2026,,,"Various near Lancaster Ave, Philadelphia, PA 19131",Street Fairs,https://www.la21philly.org/news-events/upcoming-events/,Lancaster Avenue 21 CDC,la21info@la21philly.org,,FALSE
West Philly Vintage and Antique Market,5/16/2026,,,"Pop-Up Shop, 3610 Lancaster Ave, Philadelphia, PA 19104",Street Fairs,https://westphillybizarre.com/event/vintage-and-antique-market/,West Philly Bizarre,use contact form,,FALSE
Wilmington Street Food Fest,5/16/2026,,,"Tubman Garrett Riverfront Park | Rosa Parks Drive, Wilmington, Delaware
Saturday, May 16th, 2026",Food & Drink,https://www.streetfoodfests.com/event/wilmington/,Street Food Festival,use contact form,,FALSE
Clover Market Bryn Mawr,5/17/2026,10/4/2026,,"7 N. Bryn Mawr Ave, Byn Mawr, PA 19010",Street Fairs,https://theclovermarket.com/pages/brynmawrmarket,Clover Market,helloclovermarket@gmail.com,,FALSE
Green Philly EcoFair,5/17/2026,,,"Cherry Street Pier, 121 N Christopher Columbus Blvd, Philadelphia, PA 19106",Family & Kids,https://greenphl.com/event/ecofair-2025/?utm,Green Philly,contact@greenphilly.com,,FALSE
Jewish Music Fest,5/17/2026,,,Various Locations,Music,https://www.phillyjewishmusic.org/,Philly Jewish Music Festival,info@phillyjewishmusic.org,,FALSE
Devon Horse Show & Country Fair,5/20/2026,5/31/2026,,"23 Dorset Rd, Devon, PA 19333",Multi-Genre,https://www.devonhorseshow.net/?utm,Devon Horse Show & County Fair,countryfair@devonhorseshow.com,,FALSE
Just Believe Festival,5/20/2026,,,"LOVE Park, 1599 John F Kennedy Blvd, Philadelphia, PA 19102",Multi-Genre,https://justbelievefestival.com/,GoBelieve Culture,info@GoBelieveCulture.org / press@justbelievefest.com,(215) 555-0198,FALSE
Spring Thing 2026,5/22/2026,5/24/2026,,"College Settlement Camp, 593 Witmer Road, Horsham, PA 19044",Seasonal,pfs.org,Philadelphia Folksong Society,directors@pfs.org,,FALSE
Bald Birds Brewing Co Spring Market,5/23/2026,,,"250 King Manor Dr. Ste. 300, King of Prussia, PA, 19406",Multi-Genre,https://baldbirdsbrewing.com/upcoming-events-kop/2026/5/22/spring-vendor-market,Bald Birds Brewing Company,meredith@baldbirdsbrewing.com / info@baldbirdsbrewing.com,(570) 865-6346,FALSE
Collingswood May Fair,5/23/2026,,,"Haddon Ave, Collingswood, NJ 08108, United States",Seasonal,https://www.collingswood.com/things_to_do/arts_and_events/may_fair.php,Borough of Collingswood,collingswoodmayfair@gmail.com,856-854-0720,FALSE
Fiesta de Los Jardines,5/23/2026,,,"2248 N Palethorp St, Philadelphia, PA 19133",Cultural Heritage,https://ma.to/event/fiesta-de-los-jardines-25-jul-2026,Norris Neighborhood Square Project,abby@myneighborhoodproject.org,(215) 634-2227,FALSE
Independence BlueCross RiverRink Summer Fest,5/23/2026,5/25/2026,,"101 S Columbus Blvd, Philadelphia, PA 19106",Seasonal,https://www.visitphilly.com/things-to-do/attractions/blue-cross-riverrink-summerfest/?utm,Delaware River Waterfront Corporation,info@drwc.org,,FALSE
Carefree Black Girl Cookout Philly,5/24/2026,,,"One Art Center, 1431-39 N 52nd St Philadelphia, PA 19131 ",Multi-Genre,https://www.carefreeblackgrl.com/,Carefree Black Girl Inc,carefreeblackgirlpodcast@gmail.com ,,FALSE
Carefree Black Girl Philly Cookout,5/24/2026,,,"One Art Center, 1431-39 N 52nd St Philadelphia, PA 19131",Food & Drink,https://www.carefreeblackgrl.com/,"Carefree Black Girl, Inc",Use contact box,,FALSE
Ring it On 5K,5/24/2026,,,"Memorial Park, Fairmount, Philadelphia, PA",Multi-Genre,https://www.ringiton5k.com/,City Fitness,ringiton5k@gmail.com,,FALSE
West Philly Cake Fest,5/24/2026,,,"Pentridge Station, 5116 Pentridge St, Philadelphia, PA, 19143",Food & Drink,https://www.instagram.com/p/DWEwCepANFB/,Florian Francis,DM on instagram,,FALSE
Latino Arts and Film Festival,5/26/2026,7/5/2026,,"Citywide venues. Examples: PhillyCAM, 699 Ranstead St #1, Philadelphia, PA 19106",Film,https://www.phlaff.org/?utm,PHLAFF (program of CultureTrust Greater Philadelphia),info@phlaff.org,,FALSE
ArtPhilly What Now Arts Festival,5/27/2026,7/2/2026,,"Various Venues Throughout Philadelphia, PA",Multi-Genre,https://www.artphilly.org/what-now,ArtPhilly,info@artphilly.org,,FALSE
Celebration of the Roses Festival,5/27/2026,,,"Wyck Historic House and , 6026 Germantown Ave, Philadelphia, PA 19144",Seasonal,https://historicgermantownpa.org/events/wyck-celebration-of-the-roses-festival/,Historic Germantown,programs@historicgermantownpa.org,,FALSE
Philadelphia Reinassance Faire,5/28/2026,5/31/2026,,"Fort Mifflin, 6400 Hog Island Road, Philadelphia, PA 19153",Multi-Genre,https://www.phillyfaire.com,Philadelphia Reinassance Faire,info@phillyfaire.com,,FALSE
Philly Greek Fest,5/28/2026,5/31/2026,,"St. George Greek Orthodox Church, 256 S. 8th Street, Philadelphia, PA 1910",Cultural Heritage,https://www.phillygreekfest.com/,Philly Greek Fest,info@phillygreekfest.com,,FALSE
Annual Lebanese Festival,5/29/2026,5/31/2026,,"Saint Maron Church, 1013 Elssworth Street, Philadelphia, PA",Cultural Heritage,https://www.instagram.com/p/DV6-3NtjQbj/?igsh=bnA3amJsNGdmd3Ju,Saint Maron's Maronite Catholic Church of Philadelphia,saintmaronphiladelphia@hotmail.com,(215) 389-2000,FALSE
Fan Expo Philadelphia,5/29/2026,5/31/2026,,"Pennsylvania Convention Center, 1101 Arch St, Philadelphia, PA 19107",Multi-Genre,https://fanexpohq.com/fanexpophiladelphia/?utm,Fan Expo HQ- Marnie Diehl Event operations director,support@fanexpophiladelphia.zendesk.com,,FALSE
Philadelphia Pride Festival,5/29/2026,6/7/2026,,"1300 Noble St (entrance 1150 Callowhill St), Philadelphia, PA 19123",Street Fairs,https://www.phillypride365.org/,Philly Pride 365,logistics@phillypride365.org,,FALSE
Philly Beer Week,5/29/2026,6/7/2026,,Citywide at participating bars/breweries.,Food & Drink,https://www.phillybeerweek.net/,group of restaurant owners,kory@aversapr.com,,FALSE
Roots Picnic,5/29/2026,5/31/2026,,"TD Pavilion at the Mann, 5201 Parkside Ave, Philadelphia, PA 19131",Music,https://therootspicnic.com/,Live Nation Urban (festival partner),rootspicnicada@gmail.com,,FALSE
Brandywine Pride Picnic,5/30/2026,,,"405 N Walnut St Kennett Square, PA 19348",Street Fairs,https://kennettcollaborative.org/event/brandywine-pride-picnic/,Brandywine Pride,info@kennettcollaborative.org,,FALSE
Noisy Company Block Party,5/30/2026,,,"Forin Cafe at 2041 Coral St in Philadelphia, Pennsylvania",Block Parties,https://www.instagram.com/noisycompany,Noisy Company,DM on instagram,,FALSE
Now + Then Mega Market,5/30/2026,,,"Thunderbird Salvage, 2441 Frankford Ave, Philadelphia, PA 19125",Multi-Genre,https://www.nowandthenmarketplace.com/,Now and Then Marketplace,stephirwin@grombacher.com,(717) 669-5277,FALSE
RNP Fish Fest,5/30/2026,,,"Frankford Boat Launch, Philadelphia, PA",Food & Drink,https://riverfrontnorth.org/event/rnp-fish-fest-2026/,Riverfront North Partnership,info@riverfrontnorth.org,,FALSE
Strawberry Festival at Shady Brook Farm,5/30/2026,5/31/2026,,"931 Stony Hill Rd, Yardley, PA 19067",Seasonal,https://shadybrookfarm.com/pages/strawberry-festival,Shady Brook Farm,familyfun@shadybrookfarm.com,(215) 968-1670,FALSE
West Philly Porchfest,5/30/2026,,,Neighborhood-wide DIY festival on porches across West Philadelphia (generally between the Schuylkill River and the city line; many shows near 48th St & Baltimore Ave),Music,https://www.instagram.com/westphillyporchfest/?hl=en&utm,Decentralized Event - Volunteer Organizers,westphillyporchfest@gmail.com,,FALSE
Annual Historic Rittenhouse Town Fair,5/31/2026,,,"Historic Rittenhouse Town, 208 Lincoln Dr, Philadelphia, PA 19144",Street Fairs,https://rittenhousetown.org/town-fair/?utm,Historic RittenHouse Town,amy@rittenhousetown.org,,FALSE
Philadelphia Oyster House Shuckfest,5/31/2026,,,"Sansom St, Between 15th and 16th Streets, Philadelphia, PA",Food & Drink,https://www.delawareestuary.org/event/shuckfest-2025-2/,Oyster House,sam.mink@oysterhousephilly.com,215-567-7683,FALSE
South Street Plant Swap,6/2/2026,,,"PHS Pop Up Garden at South Street, 1438 South St., Philadelphia, PA 19146",Multi-Genre,https://phsonline.org/events/plant-swap-june-2026-south-street,Pennsylvania Horticultural Society,popupevents@pennhort.org,215.988.8800,FALSE
BalletX Festival at Main,6/4/2026,6/5/2026,,"TD Pavilion at the Mann, 5201 Parkside Ave, Philadelphia, PA 19131",Dance & Theater,https://www.balletx.org/seasons/festival-at-highmark-mann-2026/,"Christine Cox, Artistic & Executive Director",info@balletx.org,215-225-5389,FALSE
Haddon Township Pride,6/4/2026,6/5/2026,,"Haddon Avenue, Haddon Township, NJ",Multi-Genre,https://www.htpride.com/,HT Pride,info@htpride.com,,FALSE
Old City Eats Block Party ,6/4/2026,,,along 2nd Street between Market and Chestnut Streets,Block Parties,https://www.instagram.com/reels/DZDqJmuxcX0/,Old City District,info@oldcitydistrict.org,(215) 592-7929,FALSE
AHF June Fete / Horse and Pony Fair,6/5/2026,,,"2990 Edge Hill Rd, Huntingdon Valley, PA 19006-5025",Multi-Genre,https://junefete.abingtonhealth.org/horse-and-pony-show.html,Abington Health Foundation Women’s Board & Auxiliaries,ahf-womensboard@jefferson.edu,215-481-2500,FALSE
Chinese Lantern Festival,6/5/2026,8/16/2026,,"Franklin Square (6th & Race Sts), Philadelphia, PA 19106",Cultural Heritage,https://phillychineselanternfestival.com/,"Historic Philadelphia, Inc.",info@historicphiladelphia.org,215) 629-4026,FALSE
Foodees Fest Philly ,6/5/2026,6/7/2026,,"18 Lightcap Rd, Pottstown, PA 19464",Food & Drink,https://www.instagram.com/p/DY2Gvmslihh/?igsh=a2thOTB1aHc4bXAy,Foodees Fest,info@foodeesfest.com,(877) 909-FEST (3378),FALSE
Haverford Township Heritage Festival,6/5/2026,,,"Nitre Hall, Karakung Dr, Havertown, PA 19083, United States",Multi-Genre,https://haverfordhistoricalsociety.org/heritage-festival/,Haverford Township Historical Society,festival@haverfordhistoricalsociety.org,484-452-3382,FALSE
Rittenhouse Square Fine Arts Show,6/5/2026,6/7/2026,,"Rittenhouse Square (18th & Walnut Sts, Philadelphia, PA 19103",Arts & Crafts,https://www.rittenhousesquareart.com/,"Rittenhouse Square Fine Arts Association (Chris Buonomo, Managing Director)",info@rittenhousesquareart.com,215) 669-7928,FALSE
Annual Sugar Cane Festival,6/6/2026,,,6th Street and Susquehanna Avenue,Street Fairs,https://apmphila.org/2026-sugar-cane-festival/,"Asociación Puertorriqueños en Marcha, Inc.",marilyn.rodriguez@apmphila.org / info@apmphila.org,267-205-7586 / 267.296.7200,FALSE
Conshohocken Arts Festival and Car Show,6/6/2026,,,"400 Fayette St, Conshohocken, PA 19428-2186, United States",Street Fairs,https://www.conshohockenartsfestival.com/,Destination Conshohocken,Conshohockenartsfestival@gmail.com,,FALSE
Delaware Pride Festival,6/6/2026,,,"Dover Legislative Green, Dover, DE 19901",Multi-Genre,https://www.delawarepride.org/delawarepridefestival2026-1,Delaware Pride Inc,info@delawarepride.org,,FALSE
Delco Pride,6/6/2026,6/13/2026,,"Various, see website",Multi-Genre,https://udtj.org/delcopride,U.D.T.J.,Contact@udtj.org,(717) 918 - 7014      ,FALSE
Fishtown Pride Block Party,6/6/2026,,,1700 block of North Front Street ,Block Parties,https://www.instagram.com/p/DZKzajPjg2q/,Evil Genius Brewing,info@evilgeniusbeer.com / events@evilgeniusbeer.com,(215) 425-6820,FALSE
Moorestown Day 2026,6/6/2026,,,"E Main St, Moorestown, NJ 08057, United States",Street Fairs,https://www.facebook.com/events/s/moorestown-day-2026/883707401347569/?rdid=AUsqfrQLja9XXV5X&share_url=https%3A%2F%2Fwww.facebook.com%2Fshare%2F1DphfZ1FA7%2F#,Moorestown Business Association,events@moorestownbusiness.com / info@moorestownbusiness.com,,FALSE
Roxborough Spring Fest,6/6/2026,,,"Ridge Ave from Green Ln to Fountain St, Philadelphia, PA 19128",Street Fairs,https://www.facebook.com/events/1208084161436635,Roxbourogh Development Corporation,info@roxboroughpa.com,,FALSE
Strawberry Festival at Shady Brook Farm,6/6/2026,6/7/2026,,"931 Stony Hill Rd, Yardley, PA 19067",Seasonal,https://shadybrookfarm.com/pages/strawberry-festival,Shady Brook Farm,familyfun@shadybrookfarm.com,(215) 968-1670,FALSE
Culture Clash: Ghana vs Nigeria,6/7/2026,,,"Cherry Street Pier, 121 N. Columbus Blvd, Philadelphia, PA 19106",Cultural Heritage,https://posh.vip/e/ghana-vs-nigeria-culture-clash,Sitdown,ig.reynolds.com@gmail.com,,FALSE
Lansdale Pride Walk and Pride in the Park,6/7/2026,,,"Memorial Park, Lansdale, 100 Hancock St, Lansdale, PA 19446",Multi-Genre,https://montcolgbtbc.org/lansdale-pride-walk-roll-landing-page/,Montgomery County LGBTQ+ Business Council,board@montcolgbtbc.org,,FALSE
Rancocas Woods Summer Block Party,6/7/2026,,,"118 Creek Rd, Mt Laurel, NJ 08054-2084, United States",Block Parties,https://www.facebook.com/events/118-creek-road-mount-laurel-nj-united-states-new-jersey-08054/2026-summer-block-party-beer-garden-farmers-market-opening-day/1259848522191997/,Rancocas Woods Events and Shops,info@rancocaswoodseventsnshops.com,,FALSE
South Street Queer Pride Night Market,6/7/2026,,,"South St, 400 and 500 Blocks",Street Fairs,https://southstreet.com/events/queer-pride-night-market-2026/,South Street District,info@southstreet.com,(215) 413-3713,FALSE
Asian Arts Initiative Block Party,6/8/2026,,,"The Rail Park, 1300 Noble Street, 1150 Callowhill St, Philadelphia, PA 19123",Block Parties,https://asianartsinitiative.org/programs/2026-block-party-at-the-rail-park,Asian Arts Initiative,programs@asianartsinitiative.org / info@asianartsinitiative.org ,(215)-557-0455,FALSE
Break Free Fest,6/12/2026,6/14/2026,,"Day 1: Cousin Danny's, 5001 Market St, Philadelphia, PA 19139 Days 2-3: Ukie Club, 847 N Franklin St, Philadelphia, PA 19123",Music,https://www.instagram.com/breakfreefest,Break Free Fest,DM on instagram,,FALSE
Delaware Contemporary Art Museum Night Market,6/12/2026,,,"The Delaware Contemporary; 200 S. Madison St. Wilmington, DE 19801",Arts & Crafts,https://www.decontemporary.org/upcoming-events/night-market,The Delaware Contemporay,info@decontemporary.org,302-656-6466,FALSE
Doylestown Pride Festival,6/12/2026,6/28/2026,,"Various locations in Doylestown, PA",Multi-Genre,https://www.dtownpride.com/,Doylestown Pride Festival,use contact box,,FALSE
33rd Annual Islamic Heritage Festival,6/13/2026,,,"Cherry Street Pier, 121 N Columbus Blvd, Philadelphia, PA 19106",Cultural Heritage,https://www.instagram.com/p/DWSGaNYierz/,Delaware River Waterfront Corporation,info@drwc.org,,FALSE
6th Annual Books & Community Resource Fair,6/13/2026,,,"Miles Mack Playground, 732 N. 36th St., Philadelphia, PA",Literary,https://www.eventbrite.com/e/literacy-moments-magazine-books-community-fest-tickets-1985248237921?aff=oddtdtcreator&fbclid=IwY2xjawTZ8_BwZG9mAWV4dG4DYWVtAjEwAHNydGMGYXBwX2lkEDIyMjAzOTE3ODgyMDA4OTIAAR7hzke0c70gPs5RNwMg2aZgxXHg023cyJvw1ObdsSSBWSwpxBo4RzRy2NGYjw_aem_TQDFCxrSwofCHYdD8tBt0A&keep_tld=true,Literacy Moments Magazine,literacymoments@gmail.com,484-501-1886,FALSE
B(l)ok Party,6/13/2026,,,"Millflin Street, Between 8th and 9th Streets, Philadelphia, PA",Block Parties,https://www.buildingbok.com/blok-party,Bok Building,hello@buildingbok.com,(215) 419-5121,FALSE
Disability Pride's Party on the Walkway,6/13/2026,,,"1600–1800 Benjamin Franklin Pkwy, Philadelphia, PA 19103",Multi-Genre,https://www.disabilitypridepa.org/philadelphia,Disability Pride Pennsylvania,info@DisabilityPridePA.org,267) 788-5946,FALSE
Philadelphia Veg Fest,6/13/2026,,,"Girard College, Philadelphia, PA",Food & Drink,https://www.phillyvegfest.com/,Philadelphia VegFest,info@phillyvegfest.com,(484) 808-7066,FALSE
Phoenixville Art Street Festival,6/13/2026,,,"100 and 200 block of Bridge St., Phoenixville PA 19460",Street Fairs,https://phoenixvilleartstreetfestival.com/,"Phoenixville Art, Street Festival",shainasellshouses@gmail.com,,FALSE
Wayne Music Festival,6/13/2026,,,"120 N. Wayne Ave, Wayne, PA, United States, Pennsylvania 19087",Music,https://waynemusicfestival.com/,Wayne Music Festival,info@waynemusicfestival.com,,FALSE
West Park Arts Fest,6/13/2026,,,"5114 Parkside Ave, Philadelphia, PA 19131",Arts & Crafts,https://westparkcultural.org/arts-fest/,West Park Cultural Center,info@westparkcultural.org,215) 473-7810,FALSE
Juneteenth Jubilee at Bartram's Garden,6/14/2026,,,"Bartram's Garden at 5400 Lindbergh Boulevard, Philadelphia, PA",Cultural Heritage,https://july4thphilly.com/event/juneteenth/,Bartram's Garden,info@bartramsgarden.org,(215) 729-5281,FALSE
Northeast Philly Beer Fest,6/14/2026,,,"Cannstatter Volksfest Verein, 9130 Academy Rd, Philadelphia, PA 19114",Food & Drink,https://do215.com/events/2026/6/14/northeast-philly-beer-and-drink-festival-tickets#,Cannstatter Volksfest Verein,info@cannstatter.org,215-332-0121,FALSE
Odunde Festival,6/14/2026,,,15-block footprint centered at 23rd & South Sts (to Grays Ferry Ave & Catherine St).,Cultural Heritage,https://www.odundefestival.org/,"ODUNDE, Inc.",odundefestival@gmail.com,267) 320-4364,FALSE
Pride on Passyunk,6/14/2026,,,"Around 1728 E Passyunk Ave, Philadelphia, PA 19148",Multi-Genre,https://www.instagram.com/prideonpassyunk/,Spellbound Studio,spellboundstudiophilly@gmail.com,267-717-5835,FALSE
Reggae in the Park,6/14/2026,,,"Delaware Park Casino, 777 Delaware Park Blvd, Wilmington, DE 19804",Music,https://www.reggaeintheparkdelaware.com/de-reggae-coalition,Delaware Reggae Coalition,info@reggaeinthepark.com,,FALSE
United We Heal Film Festival,6/18/2026,6/19/2026,,"Underground Arts, 1200 Callowhill St, Philadelphia, PA 19107",Film,https://filmfreeway.com/UnitedWeHealFilmFestival,United We Heal Film Festival,shortandsweetfilms@gmail.com,610-400-5445,FALSE
Burlington Hot Air Balloon Festival,6/19/2026,6/20/2026,,"Burlington County Fairgrounds 1990 Jacksonville Jobstown Rd , Columbus, NJ,",Multi-Genre,balloonshows.com,Burlington Hot Air Balloon Festival,cs@balloonshows.com,(678) 701-6114,FALSE
Eastern State Penitentiary Juneteenth Festival,6/19/2026,,,"Eastern State Penitentiary, 2027 Fairmount Avenue, Philadelphia, PA 19130",Cultural Heritage,https://easternstate.org/events/series/a-timeforliberty-our-shared-history-our-shared-future/juneteenth-festival,"Eastern State Penitentiary Historic Site, Inc.",info@easternstate.org,(215) 236-3300,FALSE
Millenial Juneteenth Festival,6/19/2026,,,"Kingessing Rec Center, Philadelphia, PA",Cultural Heritage,https://mjphilly1865.org/,Millennial Juneteenth,millennialjuneteenth@gmail.com,,FALSE
Wawa Welcome America Festival,6/19/2026,7/4/2026,,"Citywide, with the July 4th concert on the Benjamin Franklin Parkway",Street Fairs,https://welcomeamerica.com/,"Welcome America, Inc",information@welcomeamerica.com,,FALSE
4th Street Summer Solstice Festival,6/20/2026,,,"4th Street, Between Lombard and Catharine Streets",Seasonal,https://southstreet.com/events/summer-solstice-festival-2026/,South Street District,info@southstreet.com,(215) 413-3713,FALSE
Ambler Arts and Music Festival,6/20/2026,,,"Butler Avenue, Ambler, PA",Multi-Genre,https://amblerfest.org/2025-arts-fest/,Ambler Art and Music Festival,manager@amblermainstreet.org,,FALSE
Chester County Pride Fest,6/20/2026,,,"Bridge St., Phoenixville, PA",Multi-Genre,https://www.lgbteachesco.org/event-details/pridefest,The LGBT Equality Alliance of Chester County,info@lgbteachesco.org,,FALSE
Clark Park Music and Arts Festival,6/20/2026,,,"Clark Park (around 43rd & Chester Ave / Baltimore Ave, Philadelphia, PA 19104",Multi-Genre,https://www.instagram.com/clarkparkfest?igsh=MTNobTA2ZGpudndqZw==,Clark Park Music & Arts Festival committee,clarkparkfest@gmail.com,240) 257-5775,FALSE
Father’s Love Hip Hop Block Party,6/20/2026,,,4862 Parkside Avenue,Block Parties,https://phillyhiphopfoundation.org/fathers-love-hip-hop-block-party,The Hip Hop Foundation Of Philadelphia,hiphop@phillyhiphopfoundation.org,(215) 398-2144,FALSE
Fishtown Beer Fest,6/20/2026,,,Various Participating Locations Throughout Fishtown Neighborhood,Food & Drink,https://evilgeniusbeer.com/calendar/,Evil Genius Beer Co.,info@evilgeniusbeer.com,215) 425-6820,FALSE
Jim Thorpe Porchfest,6/20/2026,,,"Jim Thorpe, PA",Music,https://www.instagram.com/p/DXXiGDtk1G5/,Pocono Mountains Vistors Bureau,info@JimThorpe.org,570-844-2001,FALSE
June Philly Fair 250,6/20/2026,6/22/2026,,Centennial District,Block Parties,https://july4thphilly.com/event/philly-fair-250-day-1/,"Welcome America, Inc",information@welcomeamerica.com,,FALSE
Juneteenth Wine and Arts Festival,6/20/2026,,,"Cherry Street Pier, 121 N Columbus Blvd, Philadelphia, PA 19106.",Multi-Genre,https://www.cherrystreetpier.com/event/2026/01/juneteenth-wellness-arts-festival-2026/,Shekhinah B. of  The Women’s Coalition for Empowerment,info@thewce.org,,FALSE
Lakou Haitian Cultural Celebration and Market,6/20/2026,,,"The Discovery Center, 3401 Reservoir Drive, Philadelphia, PA 19121",Cultural Heritage,https://www.eventbrite.com/e/lakou-philly-haitian-cultural-celebration-market-tickets-1989625343963#organizer-card,PATAJE Collective,DM on instagram,,FALSE
Linvilla Orchards Summer Foodtruck Frenzy,6/20/2026,6/21/2026,,"137 W Knowlton Rd, Media, PA 19063",Food & Drink,https://www.linvilla.com/family-fun/food-truck-frenzy,Linvilla Orchards,info@linvilla.com,610-876-7116,FALSE
Philly Caribbean Carnival,6/20/2026,,"June 18–20, 2027","Chamounix Dr, Fairmount Park",Cultural Heritage,https://www.philadelphiacarnival.com/,United Caribbean Association of Philadelphia (UCAP),ucaphila@gmail.com,,FALSE
Pride at the Park,6/20/2026,,,"80 Windsor Ave, Narberth, PA 19072",Multi-Genre,https://prideatthepark.org/,Pride at the Park,prideatthepark@gmail.com,,FALSE
TFI Block Party: A Summer Celebration,6/20/2026,,,"The Franklin Institute, 222 N 20th St, Philadelphia, PA 19103",Block Parties,https://fi.edu/en/events-calendar/20260620/franklin-institute-block-party-summer-event-philadelphia,The Franklin Institute,guestservices@fi.edu,215.448.1200,FALSE
The Wine Cup,6/20/2026,,,"Navy Yard, Philadelphia, PA",Food & Drink,https://pennsylvaniawine.com/events/the-wine-cup,Shakia Williams,info@cyrenitysips.com,(267) 387-8405,FALSE
Two Locals Juneteenth Cookout,6/20/2026,,,"The Lawn at uCity Square, 37th & Cuthbert Street, Philadelphia, PA 19104",Multi-Genre,https://ucitysquare.com/event/juneteenth-cookout-2026/,Two Locals,info@twolocalsbrewing.com,,FALSE
Up South Street Festival ,6/20/2026,,,1500 South Street,Street Fairs,https://goodthingsphl.com/thing/up-south-street-festival-,Vicarious Love ,kwan@umbriaarts.com,,FALSE
Family Art Festival,6/21/2026,,,"Lenfest Plaza, 128 N Broad St, Philadelphia, PA",Arts & Crafts,https://www.pafa.org/events/2026-family-art-festival-062126,PAFA,arteducation@pafa.edu,,FALSE
Interna$honal Bounce Fest,6/21/2026,,,"Spruce St. Harbor Park, 301 S Christopher Columbus Blvd, Philadelphia, PA 19106",Music,https://www.internashionalbounce.com/,Internashional Bounce,hello@internashionalbounce.com,,FALSE
Juneteenth Parade and Festival,6/21/2026,,,"Malcolm X Park, 5100 Pine St, Philadelphia, PA 19143.",Cultural Heritage,https://www.juneteenthphilly.org/,Juneteenth Philly,info@juneteenthphilly.org,,FALSE
World Music Day 2026,6/21/2026,,,"West Chester, PA",Music,https://www.facebook.com/DowntownWestChester/posts/pfbid02HUJrFKRrUYt5SMMAxCefBr2k9dUm16fpUEzCM8rfXfrAgveYtXiUJhj7UCq53Fykl,"Downtown West Chester, PA",jobrien@wcbid.com,(610) 738-3350,FALSE
Annual Marketplace on the Waterfront ,6/27/2026,,,"Cooper River Park (Subaru Pavilion), 941 Park Blvd, Cherry Hill, NJ",Street Fairs,https://www.instagram.com/reel/DZV7VJ8Jf6N/,Abkinah’s Islamic Boutique,DM on instagram,(856) 739-4981,FALSE
Concilio Annual Hispanic Fiesta,6/27/2026,,,"LOVE Park (JFK Plaza), Arch St, Philadelphia, PA 19102",Cultural Heritage,https://elconcilio.net/event/concilios-annual-hispanic-fiesta-2026/,El Concilio (Council of Spanish Speaking Orgs.),concilioculturalevents@elconcilio.net / info@elconcilio.net,215) 627-3100,FALSE
Culturefest Philly,6/27/2026,,,"211 S. Columbus Blvd. Philadelphia, PA 19106",Cultural Heritage,https://www.instagram.com/CULTUREFESTPHL/,Kabila Events,kabilaevents@gmail.com,,FALSE
Germantown Night Market,6/27/2026,,,"5500 Germantown Ave, Philadelphia, PA 19144",Street Fairs,https://www.instagram.com/p/DVY8FoDEezm/,Maplewood Collective,maplewoodcollective@gmail.com,,FALSE
Kensington Queer Circus Fest,6/27/2026,,,"Philadelphia Brewing Company, 2440 Frankford Ave, Philadelphia, PA 19125",Multi-Genre,https://weirdo.pizza/,WEIRDO,creepymozzarella@weirdo.pizza,,FALSE
Let Love Win RnB Festival,6/27/2026,,,"Middletown, DE",Music,https://www.instagram.com/letlovewinrnb/,Motivated Money Makers,DM on instagram,,FALSE
Manayunk Arts Festival,6/27/2026,6/28/2026,,"Main St, Manayunk, Philadelphia, PA 19127",Arts & Crafts,https://manayunk.com/events/manayunk-arts-festival.html,Manayunk Development Corporation,info@manayunk.org,215) 482-9565,FALSE
Wadsworth Day Festival,6/27/2026,,,"1500-1700 Block of Wadsworth Avenue, Philadelphia, PA",Street Fairs,https://www.facebook.com/phillipsdist9/posts/-wadsworth-day-is-5-days-away-the-countdown-is-officially-onin-just-5-days-wadsw/1026542386973189/,Councilman Anthony Phillips,anthony.phillips@phila.gov,(215) 686-3454,FALSE
Bucks-Mont PRIDE Festival,6/28/2026,,,"Abington Art Center, 515 Meetinghouse Road, Jenkintown, PA 19046",Multi-Genre,https://www.bucksmontpride.com/,The Welcome Project,info@welcomeprojectpa.com,,FALSE
"Red, White, & Blue To Do Pomp & Parade",7/2/2026,,,"The Lawn at uCity Square, 37th & Warren St, Philadelphia, PA 19104",,https://july4thphilly.com/event/red-white-and-blue-to-do/,Wawa Welcome America: Philadelphia 2026,"Unknown, try social media on website.",,FALSE
Headhouse Square Vintage and Antique Flea Market,7/4/2026,,,,,,,,,FALSE
The People's Parade,7/4/2026,,,,,,,,,FALSE
Wawa Welcome America Festival,7/4/2026,,,"Citywide, with the July 4th concert on the Benjamin Franklin Parkway",,https://july4thphilly.com/,See above,,,FALSE
Celebrate Mantua,7/11/2026,,,"Miles Mack Playground, 732 N 36th St #66, Philadelphia, PA 19104",,https://www.celebratemantua.com/,DANCE IQUAIL!,Iquail@danceiquail.org,,FALSE
Haddonfield Fine Arts Festival,7/11/2026,7/12/2026,,"Kings Highway and Tanner Streets, Haddonfield, NJ",,https://www.haddonfield2026.com/events/32nd-annual-haddonfield-crafts-and-fine-art-festival-2026-07-11-11-00,"Borough of Haddonfield, NJ","Unknown, try DM on Facebook or Instagram",,FALSE
Lemon Drop Festival,7/11/2026,,,"Malcolm X Park, 5100 Pine St, Philadelphia, PA 19143",,https://lemondropfestival.com/about-the-festival-1,Lemon Drop Festival,"Unknown, try DM on Instagram",,FALSE
Philadelphia African Restaurant Week Festival,7/11/2026,,,"LOVE Park, 1599 John F Kennedy Blvd, Philadelphia, PA 19102",,https://africanrestaurantweek.com/philadelphia/,African Restaurant Week,Connect@africanrestaurantweek.com,,FALSE
Philly Phlotilla,7/11/2026,,,,,,,,,FALSE
Barnes on the Block,7/12/2026,,,"Barnes Foundation, Philadelphia, PA",,https://www.barnesfoundation.org,The Barnes Foundation,"Unknown, try social media",,FALSE
South Jersey Carribean Festival,7/12/2026,,,"Wiggins Waterfront Park, 2 Riverside Dr, Camden, NJ 08103",,https://sjcaribbean.org/,South Jersey Carribean,sjcaribbean@gmail.com,,FALSE
Rico Rico Fiesta,7/17/2026,7/19/2026,,"Greater Philadelphia Expo Center, Oaks, PA",,https://www.ricoricofiesta.us/,Rico Rico Fiesta,guestservice@ricoricofiesta.us,,FALSE
6th Annual Frankford Day,7/18/2026,,,,,,,,,FALSE
All Love Block Party,7/18/2026,,,"4th District Container VIllage, Philadelphia, PA",,https://allloveblockparty.com/,Black Soul Summer,info@blacksoulsummer.com,,FALSE
Bomba y Plena Cultural Festival,7/18/2026,,,"1801 N 2nd St, Philadelphia, PA, 19134",,https://www.phillybombaplena.com/,Philadelphia BombaPlena Cultural Center,Use contact box,,FALSE
Harrah's Phileadelphia Fireworks & Foodie Festival,7/18/2026,,,,,,,,,FALSE
Ocean Casino's Water Ice Festival ,7/18/2026,,,,,,,,,FALSE
Philadelphia Zoo Summer Ale Festival,7/18/2026,,,"Philadelphia Zoo, 3400 W Girard Ave, Philadelphia, PA 19104",,https://www.philadelphiazoo.org/events/summer-ale-festival/,Philadelphia Zoo,Use contact box,,FALSE
Summer Souq Sisterhood Event,7/18/2026,,,"Mander Playground, 33rd and Diamond Streets, Philadelphia, PA",Multi-Genre,https://www.instagram.com/p/DXX5_-GlDDz/ ,She Promotions Group,DM on instagram,,FALSE
Summerfest at Plazza Alta,7/18/2026,,,,,,,,,FALSE
Under the El Bazaar,7/18/2026,,,,,,,,,FALSE
Wicked Gluten Free Expo,7/18/2026,,,,,,,,,FALSE
Annual Marketplace on the Waterfront ,7/19/2026,,,"Cooper River Park (Subaru Pavilion), 941 Park Blvd, Cherry Hill, NJ",Street Fairs,https://www.instagram.com/p/Da1DeTkp7ST/,Abkinah’s Islamic Boutique,DM on instagram,(856) 739-4981,FALSE
Lancaster Avenue Jazz & Arts Festival,7/19/2026,,,"Saunders Park Greene, 39th St & Powelton Ave, Philadelphia, PA 19104",,https://www.hopephl.org/lancaster-avenue-jazz-festival.html,HopePHL,hello@hopephl.org,,FALSE
Philly Youth Music Festival,7/19/2026,,,,,,,,,FALSE
Math Festival,7/24/2026,,,,,,,,,FALSE
Air Sick Summer Festival,7/25/2026,7/26/2026,,,,,,,,FALSE
ARRAIA AT KOUKLET ,7/25/2026,,,,,,,,,FALSE
Arte en las Calles,7/25/2026,,,,,,,,,FALSE
Belfield Day Community Block Party,7/25/2026,,,,,,,,,FALSE
Jazzing on Ridge Festival,7/25/2026,,,2200 Block of Ridge Avenue,,https://jazzinonridge.com/,Lower North Philadelphia Community Development Corporation,Unknown,,FALSE
SUMMER FEST PHILLY! for Autism Speaks,7/25/2026,,,,,,,,,FALSE
Night Out on 9th,7/31/2026,,,,,,,,,FALSE
Allegheny Arts Avenue,8/1/2026,,,,,,,,,FALSE
Annual Free Fest,8/1/2026,,,,,,,,,FALSE
La Placita Fest,8/1/2026,,,,,,,,,FALSE
Philadelphia Freefest,8/1/2026,,,"Likely Philadelphia Navy Yard, 4747 S Broad St, Philadelphia, PA",,https://www.phillyfreefest.org/,Freedom Thinkers Inc.,Use Contact Box,,FALSE
Tacony Summer Arts,8/1/2026,,,,,,,,,FALSE
2nd Street Fest,8/2/2026,,,"2nd Street, Throughout Northern Liberties Neighborhood, Philadelphia, PA",,https://www.2ndstfestival.org/,Northern Liberties Arts and Commerce Alliance,info@2ndstfestival.org,,FALSE
Blackstar Film Festival,8/6/2026,8/9/2026,,citywide; 2025 venues include Cherry Street Pier and partner institutions on/near the Parkway,,https://blackstarprojects.org/festival,Blackstar,star@blackstarprojects.org,,FALSE
24th Annual Giveback Festival,8/7/2026,8/8/2026,,,,,,,,FALSE
Nicetown 24th Annual Give Back Community Festival,8/7/2026,8/8/2026,,"4300 Block of Germantown Ave, Philadelphia, PA",,https://nicetowncdc.org/,Nicetown Community Development Corporation,info@nicetowncdc.org,,FALSE
Avant Blk Festival at Cherry St Pier,8/8/2026,,,,,,,,,FALSE
Port Richmond Perogifest,8/8/2026,,,"Campbell Square Park, 2535 E Allegheny Ave, Philadelphia, PA 19134",,https://www.facebook.com/PortRichmondPierogiFest/,State Street Events LLC,Mellisa@StateStreetEvents.org,,FALSE
Rox the Block,8/8/2026,,,,,,,,,FALSE
West Philly Futures Fest,8/9/2026,,,,,,,,,FALSE
62nd Philadelphia Folk Festival,8/14/2026,8/16/2026,,"Old Pool Farm, 1323 Salford Station Rd, Schwenksville, PA 19473",,https://folkfest.org/,Philadelphia Folksong Society,See contacts on contact page,,FALSE
9th Annual Philadelphia Taco Festival,8/15/2026,8/16/2026,,"Stateside Live, 1100 Pattison Ave, Philadelphia, PA",,,,,,FALSE
Collingswood Craft and Fine Art Festival,8/15/2026,8/16/2026,,"Haddon Ave (Downtown Collingswood), Collingswood, NJ",,https://www.collingswoodcraftsandfineartfestival.com/,Collingswood Crafts and Fine Arts Festival,Use Contact Box,,FALSE
Limerick Community Day,8/15/2026,,,"180 Swamp Pike, Royersford, PA 19468-1428, United States",,,,,,FALSE
Litapendence Day,8/15/2026,,,,,,,,,FALSE
Young Got Flavors Food Festival,8/15/2026,,,"Penn Treaty Park, Philadelphia, PA",,,,,,FALSE
5th Annual Community in Action Festival,8/22/2026,,,,,,,,,FALSE
Delco Chalk Fest,8/22/2026,8/23/2026,,,,,,,,FALSE
Friends of FDR Park Summer Music Festival,8/22/2026,,,"FDR Park, Philadelphia, PA",,,,,,FALSE
Highmark Mann Milestone Mashup,8/22/2026,,,"5201 Parkside Avenue, Fairmount Park, Philadelphia, PA 19131",,,,,,FALSE
Ukranian Independence Folk Festival,8/23/26,,,"Ukrainian American Sport Center “Tryzub”, 1 Lower State Rd, North Wales/Horsham, PA 19454",Cultural Heritage,https://tryzub.org/,Ukrainian American Sport Center “Tryzub”,@tryzubua,,FALSE
Philadelphia Zoo Art Festival,8/29/2026,,,"Philadelphia Zoo, Philadelphia, PA",,,,,,FALSE
59th Annual Polish American Family Festival & Country Fair,9/5/2026,9/13/2026,,"National Shrine of Our Lady of Czestochowa, 654 Ferry Rd, Doylestown, PA 18901",,,,,,FALSE
Kennet Square Mushroom Festival,9/6/2026,9/7/2026,,,Food & Drink,,,,,FALSE
Brazilian Day Philadelphia,9/7/2026,,,,,,,,,FALSE
La Feria del Barrio ,9/7/2026,,,,,,,,,FALSE
Philadelphia Fringe Festival,9/8/2026,9/27/2026,,"Citywide; Headquarters at FringeArts, 140 N Columbus Blvd, Philadelphia, PA 19106",,,,,,FALSE
Uptown Rhythm Festival,9/10/2026,,,,,,,,,FALSE
Brandywine Festival of the Arts,9/12/2026,,,,,,,,,FALSE
Bristol Lions Italian Festival,9/12/2026,,,,,,,,,FALSE
Doylestown Arts Festival,9/12/2026,9/13/2026,,"Downtown Doylestown (State & Main Streets), Doylestown, PA",,,,,,FALSE
Germantown Avenue Food Truck Festival,9/12/2026,,,"5400 block of Germantown Ave, Philadelphia, PA 19144",,,,,,FALSE
Latin American Book Fair,9/12/2026,,,"Kimmel Cultural Campus, 300 S Broad St, Philadelphia, PA 19102",,,,,,FALSE
Philadelphia Honey Festival,9/12/2026,,,"6026 Germantown Avenue, Philadelphia, PA 19144",,,,,,FALSE
Root 2 Fruit Festival,9/12/2026,,,"Cira Green, 129 S 30th St, Philadelphia, PA 19104",,,,,,FALSE
Spring Garden Sunflower Festival,9/12/2026,,,1700 to 1800 Fairmount Avenue,,,,,,FALSE
Philly Black Wine and Spirits Fest,9/13/2026,,,"Billy Penn Studios, 1516 N 5th St, Philadelphia, PA 19122.",Food & Drink,https://www.phillyblackwinefest.com/,Kabila Events (Producer),contact@kabilaevents.com,,FALSE
Mercer County Italian-American Festival,9/18/2026,9/20/2026,,"Mercer County Park Festival Grounds, West Windsor Township, NJ 08550",,,,,,FALSE
Rittenhouse Square Fine Art Show (September),9/18/2026,9/20/2026,,"Rittenhouse Square, 1800 Walnut St, Philadelphia, PA 19103",,,,,,FALSE
XPoNential Music Festival,9/18/2026,9/20/2026,,"Wiggins Park & Marina, 2 Riverside Dr, Camden, NJ 08103",,,,,,FALSE
48 Blocks Festival,9/19/2026,,,"Atlantic City, NJ",,,,,,FALSE
Conshohocken Fun Fest,9/19/2026,,,"Fayette Street, Conshohocken, PA",,,,,,FALSE
Making Time ,9/19/2026,9/21/2026,,,Arts & Crafts,,,,,FALSE
Mt Airy Porch Fest,9/19/2026,,,"Mt. Airy, Philadelphia, PA",,,,,,FALSE
Philadelphia Collegefest,9/19/2026,,,TBD,,,,,,FALSE
Sazon Latin Food Festival,9/19/2026,,,"Two Locals Brewing
3701 Market St, Philadelphia, PA 19104-5500",,,,,,FALSE
We Are the Seeds Philly (Indigenous Arts),9/19/2026,9/20/2026,,"Cherry Street Pier, 121 N Columbus Blvd, Philadelphia, PA 19106",,,,,,FALSE
Yardley Harvest Day,9/19/2026,,,"1548 Brock Creek Dr, Morrisville, PA 19067-5603, United States",,,,,,FALSE
K-12 Philly Festival Trade Fair,9/20/2026,,,"Pennsylvania Convention Center, 1101 Arch St, Philadelphia, PA",,https://elevate215.org/news/first-ever-k-12-school-fair-is-philadelphias-largest-education-event-for-families-to-learn-more-about-how-to-apply-to-schools/,GreatPhillySchools + partners,,,FALSE
Upper Darby International Festival,9/20/2026,,,,Cultural Heritage,,,,,FALSE
Woodford Apple and Pawpaw Festival,9/20/2026,,,,Food & Drink,,,,,FALSE
Foodees Food & Cultural Festival - Rehoboth Beach,9/25/2026,9/27/2026,,"Rehoboth Beach Bandstand, 1 Rehoboth Ave, Rehoboth Beach, DE 19971",,,,,,FALSE
21st Anniversary Block Party,9/26/2026,,,,,,,,,FALSE
Kensington Crankie Fest,9/26/2026,,,,,,,,,FALSE
Omo Naija Festival,9/26/2026,,,TBD,,,,,,FALSE
South Street Fall Festival,9/26/2026,,,"South St., more information TBD",,,,,,FALSE
Delaware Taco Festival,9/27/2026,,,"Tubman Garrett Riverfront Park, Wilmington, DE",,,,,,FALSE
Jenkintown Festival of the Arts,9/27/2026,,,"Greenwood Ave & Leedom St., Jenkintown, PA",Arts & Crafts,https://festivalofthearts.jenkintown.net/,Jenkintown Community Alliance,hello@jenkintown.net,,FALSE
Linvilla's Orchards Apple Festival,9/27/2026,,,137 W. Knowlton Rd. Media ,Food & Drink,https://www.linvilla.com/family-fun/apple-festival | https://instagram.com/linvillaorchards,Linvilla Orchards,questions@linvilla.com,610-876-7116,FALSE
Philly Halal Food Festival,9/27/2026,,,"usually Greater Philadelphia Expo Center, Phoenixville, PA (outside city).",Food & Drink,https://www.phillyhalalfoodfest.com/event-details-registration/tickets,Philly Halal Food Festival; “Integritty Group”,4roosters.co@gmail.com,267) 255-0898,FALSE
South Street October Fest,9/27/2026,,,718 South St ,Food & Drink,https://brauhausschmitz.com/oktoberfest | https://southstreet.com/events/oktoberfest,Brauhaus Schmitz & South Street Headhouse District,brauhausschmitz@gmail.com,267-909-8814,FALSE
Stratford Fall Festival,9/27/2026,,,"111 Warwick Rd, Stratford, NJ 08084-1623, United States",,,,,,FALSE
Puerto Rican Day Parade,9/28/2026,,,2451 Benjamin Franklin Parkway ,Cultural Heritage,https://elconcilio.net/event/annual-puerto-rican-day-parade/,Concilio (Council of Spanish‑Speaking Orgs of Philadelphia),concilioculturalevents@elconcilio.net,215-627-3100,FALSE
Park(ing) Day,9/29/2026,,,Citywide pop-up “parklets” in curbside parking spaces (no single venue); primarily in Center City & nearby neighborhoods,,,,,,FALSE
DesignPhiladelphia,10/1/2026,10/11/2026,,"Center for Architecture & Design, 1218 Arch St, Philadelphia, PA 19107",,,,,,FALSE
Celtic Heritage Day Festival,10/3/2026,,,"Between Mill and Radcliffe Streets, Bristol, PA",,,,,,FALSE
Homegrown First Friday at Plant and People,10/3/2026,,,,,,,,,FALSE
The Shops at Valley Square Fall Festival,10/3/2026,,,"Route 611 & Street Rd, Warrington, PA, United States, Pennsylvania 18976",,,,,,FALSE
13th Annual Roxtoberfest,10/4/2026,,,,,,,,,FALSE
Mid Autumn Festival,10/4/2026,,,,,,,,,FALSE
One Art Jazz Day,10/4/2026,,,"One Art Community Center, 1431-39 N 52nd St, Philadelphia, PA 19131",Music,https://www.oneart.love/event-details/one-art-jazz-day,The Heart Of Jazz,,,FALSE
St. Nicholas of Tolentine Italian Festival,10/5/2026,,,,,,,,,FALSE
Philadelphia Open Studio Tours (POST)- West of Broad,10/10/2026,10/11/2026,,Various locations,,,,,,FALSE
Get Ready Fest in North Philly,10/11/2026,,,,,,,,,FALSE
North Philly Peace Park Fall Festival,10/11/2026,,,,,,,,,FALSE
OctoberFeast at Peddler's Village,10/11/2026,10/12/2026,,,,,,,,FALSE
Paws and Pumpkin Awards,10/11/2026,,,,,,,,,FALSE
Picnic in the Plaza,10/11/2026,,,,,,,,,FALSE
Picnic in the Plaza,10/11/2026,,,,,,,,,FALSE
Reading Terminal's Scrapple and Apple Festival,10/11/2026,,,,,,,,,FALSE
Vendemia Wine Festival,10/11/2026,,,,,,,,,FALSE
Chestnut Hill Fall for the Arts Festival,10/12/2026,,,,,,,,,FALSE
OURfest,10/12/2026,,,,,,,,,FALSE
Sip and Sculpt Clay Awards,10/12/2026,,,,,,,,,FALSE
Seeding Freedom Storytime ,10/14/2026,,,,,,,,,FALSE
34th Philadelphia Film Festival (Fall),10/15/2026,10/25/2026,,Various locations,,,,,,FALSE
Philly Taste Fest,10/16/2026,10/17/2026,,"Greater Philadelphia Expo Center, 100 Station Ave, Oaks, PA 19456",,,,,,FALSE
40th Annual Chatsworth Cranberry Festival,10/17/2026,10/18/2026,,"3980 Route 563 / 3980 Main St, Chatsworth, NJ 08019-2212",,,,,,FALSE
40th Annual Chatsworth Cranberry Festival,10/17/2026,10/18/2026,,,,,,,,FALSE
Philadelphia Coffee Festival,10/17/2026,10/18/2026,,"23rd St Armory, 22 S 23rd St, Philadelphia, PA 19103",,,,,,FALSE
Philadelphia Open Studio Tours (POST)- East of Broad,10/17/2026,10/18/2026,,Various locations,,,,,,FALSE
Philly Bike Ride,10/17/2026,,,Start/finish by the Art Museum at 2600 Benjamin Franklin Pkwy / Eakins Oval; route is citywide.,,,,,,FALSE
Weirdo Odd Fest,10/17/2026,,,"Philadelphia Brewing Company, 2440 Frankford Ave, Philadelphia, PA 19125",Multi-Genre,https://www.instagram.com/weirdooddfest/?hl=en,WEIRDO,creepymozzarella@weirdo.pizza,,FALSE
Harvest Festival Awbury Arboretum,10/18/2026,,,,,,,,,FALSE
Manayunk Fall Festival,10/18/2026,,,,,,,,,FALSE
Mount Laurel Day,10/18/2026,,,"100 Mt Laurel Rd, Mt Laurel, NJ 08054-1507, United States",,,,,,FALSE
US Night Market,10/18/2026,,,,,,,,,FALSE
South West Philly Harvest Fest,10/19/2026,,,,,,,,,FALSE
Philadelphia Mosaic - Immigrant Film Showcase,10/23/2026,,,,,,,,,FALSE
Head of the Schuylkill Regatta,10/24/2026,10/25/2026,,,,,,,,FALSE
Philly Vegan Restaurant Week,10/24/2026,11/1/2026,,,,,,,,FALSE
YO! Book Fest - Young People's Book Festival,10/24/2026,,,"Joseph E. Coleman Northwest Regional Library, 68 W. Chelten Avenue, Philadelphia, PA 19144",,,,,,FALSE
2nd Annual Philly Coffee Festival,10/25/2026,10/26/2026,,,,,,,,FALSE
Dia De Los Muertos Day of Celebration,10/25/2026,,,,,,,,,FALSE
Greater Philadelphia Alliance Social Service Center,10/25/2026,,,,,,,,,FALSE
Kensington Derby & Arts Festival,10/25/2026,,,,,,,,,FALSE
People Power Media Fest,10/25/2026,,,,,,,,,FALSE
Tatse of the Phillipines,10/25/2026,,,,,,,,,FALSE
West Philly Tool Library Fund Raiser,10/25/2026,,,,,,,,,FALSE
WHYY Be My Neighbor Day,10/25/2026,,,,,,,,,FALSE
Awbury Arboretum Harvest Festival,10/26/2026,,,,,,,,,FALSE
Eastern State Penitentiary Fall Festival,10/26/2026,,,,,,,,,FALSE
Philly Cider Week,10/26/2026,,,,,,,,,FALSE
Root and Rhythms - 3rd Annual Harvest Festival,10/26/2026,,,,,,,,,FALSE
Stenton: Halloween Harvest Fest,10/26/2026,,,,,,,,,FALSE
Write Out,10/26/2026,,,,,,,,,FALSE
Young People's Book Festivals,10/26/2026,,,,,,,,,FALSE
Trick or Treating at Brandywine Senior Living,10/31/2026,,,,,,,,,FALSE
Philadelphia Museum of Art Contemporary Craft Show,11/5/2026,11/8/2026,,"Pennsylvania Convention Center, 1101 Arch St, Philadelphia, PA 19107",,,,,,FALSE
Germantown Night Market,11/7/2026,,,"5500 Germantown Ave, Philadelphia, PA 19144",Street Fairs,https://www.instagram.com/p/DVY8FoDEezm/,Maplewood Collective,maplewoodcollective@gmail.com,,FALSE
Linvilla Orchards Spring Foodtruck Frenzy,11/7/2026,11/8/2026,,"137 W Knowlton Rd, Media, PA 19063",,,Linvilla Orchards,info@linvilla.com,610-876-7116,FALSE
Peoplehood Parade and Pageant,11/7/2026,,,,,,,,,FALSE
The Philadelphia Veteran Parade,11/8/2026,,,"Center City to Eakins Oval, Philadelphia, PA",,,,,,FALSE
Rocky Run,11/14/2026,,,"Various, Starting at Philadelphia Museum of Art",,,,,,FALSE
The Inquirer Food Fest,11/14/2026,,,,,,,,,FALSE
Philadelphia Marathon Weekend,11/20/2026,11/22/2026,,Start/finish near 22nd St & Benjamin Franklin Pkwy (Eakins Oval) by the Art Museum,Marathon,https://philadelphiamarathon.com/,,info@philadelphiamarathon.com,,FALSE
Philadelphia Festivals of Trees Opening Ceremony,12/1/2026,,,,Seasonal,,,,,FALSE
Betsy Ross House Historic Holiday Tree Lighting,12/4/2026,,,,Seasonal,,,,,FALSE
City Hall Tree Lighting,12/4/2026,,,,Seasonal,,,,,FALSE
East Passsyunk Tree Lighting and Open Street,12/4/2026,,,,Family & Kids,,,,,FALSE
Evil Genius Beer Company Tree Lighting,12/4/2026,,,,,,,,,FALSE
Philadelphia Holiday Parade,12/4/2026,,,,,,,,,FALSE
Rose Tree Festival of Lights Media,12/4/2026,,,,Seasonal,,,,,FALSE
HACE Annual Tree Lighting Ceremony,12/5/2026,,,,,,,,,FALSE
Rittenhouse Square Tree Lighting,12/5/2026,,,,,,,,,FALSE
Cookie Dash,12/6/2026,12/7/2026,,,,,,,,FALSE
Fishtown Freeze,12/6/2026,,,,,,,,,FALSE
Liberty Flea Market,"6/6, 6/37, 6/28, 7/25, 7/26",,,,Arts & Crafts,https://www.cherrystreetpier.com/event/2026/05/liberty-flea-market-2026/,,,,FALSE
Parks on Tap,"Columbus Square Park, Philadelphia, PA 19147",,,,Food & Drink,https://www.parksontap.com/,,,,FALSE
CCD Open Streets: West Walnut (Every Sunday),Every Satruday April 5 - May 17,,,"Walnut St (15th–19th) & 18th St (Locust–Chestnut), Center City, Philadelphia, PA 19103",Street Fairs,,,,,FALSE
Souletri Sunday at Two Locals,every sunday march 22 through august 23rd,,,"Two Locals Brewing Co., 3675 Market Street, Philadelphia, PA 19104",Food & Drink,https://www.powerstreettheatre.com/what-is-souletri?utm_,Souletri,souletri@gmail.com,(267) 969-3837,FALSE
Pop-Ups At the Portal,Every Thursday from 5/7/2026 - 6/4/2026,,,,,,,,,FALSE
Twilight in the Gardens,"Fourth Friday of Every Month, May-October",,,,,,,,,FALSE
Sonsa Food Truck Fridays,Fridays,,,Triangle Park (23rd & South St),Food & Drink,https://www.instagram.com/sosnaphilly/,,,,
Festival of Fountains,May 8th - Sept 27th ,,,"1001 Longwood Road, Kennett Square, PA 19348",,https://longwoodgardens.org/gardens/our-seasons/festival-fountains,Longwood Gardens,questions@longwoodgardens.org,610.388.1000,FALSE
Philly Vegan Market,Monthly on weekends,,,,,,,,,FALSE
Uhuru Flea Market,Monthly Throughout 2026,,,,,,,,,FALSE
West Philly Bizarre Market,Select Saturdays April - November,,,"4300 Chester Ave, Philadelphia, PA 19104",Arts & Crafts,,,,,FALSE
Plus One Comedy Show,Third Thursday of Every Month,,,,,,,,,FALSE
Third Thursdays at The Navy Yard,"Third Thusday of Each Month, May-Oct",,,,,,,,,FALSE
East Market Night Market,Tuesdays from 4/21/2026 - 6/16/2026,,,,,,,,,FALSE
Just Believe Festival,various dates april - august,,,"LOVE Park, 1599 John F Kennedy Blvd, Philadelphia, PA 19102",,https://justbelievefestival.com/,,,,FALSE
Bizarre at Clark Park,Various Saturdays,,,,,,,,,FALSE
Port Richmond Flea Market,Various Weekends,,,,,,,,,FALSE
East Falls Fest,,,,,,https://discovereastfalls.org/fallsfest/,,,,FALSE
Greater Philadelphia Cheesesteak Festival ,,,,,Food & Drink,https://www.facebook.com/events/s/greater-philadelphia-cheeseste/803898165808959/?rdid=ns4nNzILL1F0oST8&share_url=https%3A%2F%2Fwww.facebook.com%2Fshare%2F1DTSbyBEwE%2F#,"SoulJoel’s at SunnyBrook in Pottstown, PA",info@sjpcomedy.com,(484) 300-4681,FALSE
KPop Flea Market,,,,,,,,,,FALSE
Montco Jazz Fest,,,,,Cultural Heritage,,,,,FALSE
Punk Rock Flea Market,,,,,,,,,,FALSE
Roktober Fest,,,,,,,,,,FALSE
Socafro Carnival ,,,,,,,,,,FALSE
Southeast Asian Market,,,,,,https://www.fdrseamarket.com/,,,,FALSE